{"cameraMode":{"drawMode":0,"name":"Shaded","section":"Shading Mode"},"sceneLighting":true,"audioPlay":false,"sceneViewState":{"showFog":true,"showMaterialUpdate":false,"showSkybox":true,"showFlares":true,"showImageEffects":true,"showParticleSystems":true},"in2DMode":false,"pivot":{"x":0.008716583251953125,"y":2.496814012527466,"z":1.364306926727295},"rotation":{"x":-0.010191927663981915,"y":-0.6913795471191406,"z":0.009756771847605706,"w":-0.722360372543335},"size":31.307172775268556,"orthographic":false}